prune_ratio,perplexity
baseline,12.269196189273371
1,17.916033219259443
10,40.955844426000375
20,116.36076897606097
30,231.61381340465627
5,29.94432812889502
