prune_ratio,perplexity
baseline,12.269196189273371
1,16.321398260646603
10,44.83089639721003
20,76.32941480783336
30,177.4086434220281
5,33.07680142423931
