prune_ratio,perplexity
baseline,12.269196189273371
1,20.111073334310188
10,152.35313476211732
20,464.85436237345516
30,1536.4148100621612
5,51.1733560290728
